Offset,Max_Value,Time
-302.300000000003,1.7678065668093e-16,-0.186
-294.130000000005,2.02005400459266e-16,-0.18135
-285.959999999999,1.92433307281001e-16,-0.1767
-277.790000000001,2.10603214883136e-16,-0.1705
-269.620000000003,2.11855117084757e-16,-0.16585
-261.450000000004,2.28501860558256e-16,-0.1612
-253.279999999999,2.22729212586389e-16,-0.155
-245.110000000001,2.33723668849438e-16,-0.15035
-236.940000000002,2.37804382818852e-16,-0.1457
-228.770000000004,2.21143954830367e-16,-0.14105
-220.600000000006,2.28791895821087e-16,-0.13485
-212.43,2.29668542005524e-16,-0.1302
-204.260000000002,2.175259116317e-16,-0.124
-196.090000000004,2.44585078423055e-16,-0.11935
-187.920000000006,2.41391684042059e-16,-0.1147
-179.75,2.53842200039782e-16,-0.1085
-171.580000000002,2.68687397647274e-16,-0.10385
-163.410000000003,2.6136959434446e-16,-0.0992
-155.240000000005,2.6625110816581e-16,-0.09455
-147.07,2.53312154907366e-16,-0.0899
-138.900000000001,2.39729536780589e-16,-0.0837
-130.730000000003,2.43857994585501e-16,-0.07905
-122.550000000003,2.37029433731247e-16,-0.0744
-114.380000000005,2.37403216128619e-16,-0.0682
-106.209999999999,2.4285531206478e-16,-0.06355
-98.0400000000009,2.36584634659417e-16,-0.0589
-89.8700000000026,2.5024742442507e-16,-0.05425
-81.7000000000044,2.30399818105902e-16,-0.0496
-73.5299999999988,2.46502235446339e-16,-0.0434
-65.3600000000006,2.48009611876946e-16,-0.03875
-57.1900000000023,2.43818203228795e-16,-0.0341
-49.0200000000041,2.63244293604794e-16,-0.02945
-40.8500000000058,2.45963735698231e-16,-0.0248
-32.6800000000003,2.7360271276361e-16,-0.02015
-24.510000000002,2.53095472795427e-16,-0.0155
-16.3400000000038,2.76679440201978e-16,-0.0093
-8.17000000000553,2.55750778066994e-16,-0.0062
0,2.75626041583848e-16,0
8.16999999999825,2.33788385262066e-16,0.0031
16.3399999999965,2.3666076594935e-16,0.0093
24.5099999999948,2.22321857076983e-16,-0.00775
32.6800000000003,2.13120381844813e-16,0.02015
40.8499999999985,2.37342502210412e-16,0.0248
49.0199999999968,2.37554918393888e-16,0.02945
57.1899999999951,2.48736499233406e-16,0.0341
65.3600000000006,2.63328273460444e-16,0.03875
73.5299999999988,2.60128230277357e-16,0.0434
81.7099999999991,2.55233552311523e-16,0.04805
89.8799999999974,2.67735158206536e-16,0.0527
98.0499999999956,2.56174000922281e-16,0.05735
106.220000000001,2.49105492034716e-16,0.062
114.389999999999,2.4264658852845e-16,0.06665
122.559999999998,2.25778371747051e-16,0.0713
130.729999999996,2.07285784571375e-16,0.07595
138.899999999994,1.99709760467181e-16,0.0806
147.07,1.71044012913756e-16,0.08525
155.239999999998,1.68437506024858e-16,0.0899
163.409999999996,1.57318909552517e-16,0.09455
171.579999999994,1.50018399334278e-16,0.0992
179.75,1.51489048936568e-16,0.10385
187.919999999998,1.48425556762119e-16,0.1085
196.089999999997,1.56685227540518e-16,0.11315
204.259999999995,1.5059494557366e-16,0.1178
212.43,1.62513738683173e-16,0.12245
220.599999999999,1.60841180030962e-16,0.1271
228.769999999997,1.61323409882213e-16,0.13175
236.939999999995,1.52300643790331e-16,0.1364
245.110000000001,1.55394810195315e-16,0.1395
253.279999999999,1.43623461347939e-16,0.14415
261.449999999997,1.41563349140994e-16,0.124
269.619999999995,1.42788405748429e-16,0.12865
277.790000000001,1.40138655086016e-16,0.13175
285.970000000001,1.37463364781316e-16,0.13485
294.139999999999,1.25991151902788e-16,0.1395
302.309999999998,1.28235185071899e-16,0.1426
