Offset,Peak_value,Time
-302.300000000003,2.05495937856627e-15,-0.187073775573466
-294.130000000005,2.23808294601303e-15,-0.181959082455053
-285.959999999999,2.11737320330928e-15,-0.176689398636082
-277.790000000001,2.30903729416351e-15,-0.171729696218227
-269.620000000003,2.22153742006968e-15,-0.166305021698698
-261.450000000004,2.35628055353875e-15,-0.161345319280843
-253.279999999999,2.3500284713463e-15,-0.156075635461872
-245.110000000001,2.39303870761485e-15,-0.150960942343459
-236.940000000002,2.48283087349457e-15,-0.145846249225046
-228.770000000004,2.45475278346566e-15,-0.140731556106634
-220.600000000006,2.55886852530938e-15,-0.135461872287663
-212.43,2.58646506399693e-15,-0.130502169869808
-204.260000000002,2.57667021478082e-15,-0.125232486050837
-196.090000000004,2.71413618076594e-15,-0.120117792932424
-187.920000000006,2.62992032704287e-15,-0.115158090514569
-179.75,2.76572429850346e-15,-0.109888406695598
-171.580000000002,2.72301987682388e-15,-0.105083694978301
-163.410000000003,2.77090569163707e-15,-0.0996590204587725
-155.240000000005,2.79166976410813e-15,-0.0948543087414755
-147.07,2.77972364306502e-15,-0.0895846249225046
-138.900000000001,2.79631409708545e-15,-0.0846249225046497
-130.730000000003,2.80602102270455e-15,-0.0795102293862368
-122.550000000003,2.75668268068877e-15,-0.0745505269683819
-114.380000000005,2.78384456485589e-15,-0.069435833849969
-106.209999999999,2.75775003963043e-15,-0.0644761314321141
-98.0400000000009,2.67283564443157e-15,-0.0595164290142591
-89.8700000000026,2.76601338717221e-15,-0.0544017358958463
-81.7000000000044,2.60056147112409e-15,-0.0495970241785493
-73.5299999999988,2.67193575218617e-15,-0.0443273403595784
-65.3600000000006,2.6257713777388e-15,-0.0396776193428394
-57.1900000000023,2.53686417862378e-15,-0.0344079355238686
-49.0200000000041,2.63973658173939e-15,-0.0296032238065716
-40.8500000000058,2.49134678494533e-15,-0.0246435213887167
-32.6800000000003,2.60444660858824e-15,-0.0196838189708617
-24.510000000002,2.50465373522005e-15,-0.0147241165530068
-16.3400000000038,2.6155737506928e-15,-0.00991940483570986
-8.17000000000553,2.50218079819352e-15,-0.00511469311841289
0,2.66947652264131e-15,0
8.16999999999825,2.56519652366096e-15,0.004649721016739
16.3399999999965,2.65411112831832e-15,0.00976441413515189
24.5099999999948,2.70321263435625e-15,0.0142591444513329
32.6800000000003,2.63651436963493e-15,0.0192188468691878
40.8499999999985,2.75798109432886e-15,0.0240235585864848
49.0199999999968,2.70628618474302e-15,0.0286732796032238
57.1899999999951,2.73118674370471e-15,0.0334779913205208
65.3600000000006,2.74829428357713e-15,0.0382827030378177
73.5299999999988,2.7055478427561e-15,0.0429324240545567
81.7099999999991,2.71903794546326e-15,0.0477371357718537
89.8799999999974,2.64592300789202e-15,0.0523868567885927
98.0499999999956,2.64821027983397e-15,0.0570365778053317
106.220000000001,2.54802384677101e-15,0.0616862988220707
114.389999999999,2.51547786178128e-15,0.0664910105393676
122.559999999998,2.4407126079932e-15,0.0709857408555487
130.729999999996,2.32694730498868e-15,0.0757904525728456
138.899999999994,2.31846313646443e-15,0.0802851828890267
147.07,2.12906585844978e-15,0.0849349039057656
155.239999999998,2.14987165012934e-15,0.0895846249225046
163.409999999996,1.98726339794109e-15,0.0940793552386857
171.579999999994,1.92435264349191e-15,0.0988840669559826
179.75,1.89092953871084e-15,0.103223806571606
187.919999999998,1.70993645038131e-15,0.108028518288903
196.089999999997,1.7652233418809e-15,0.112523248605084
204.259999999995,1.60332381861297e-15,0.140886546807192
212.43,1.61892499174575e-15,0.145226286422815
220.599999999999,1.57565268176971e-15,0.150030998140112
228.769999999997,1.58429230792881e-15,0.154370737755735
236.939999999995,1.49235034047059e-15,0.159175449473032
245.110000000001,1.57067250330766e-15,0.163515189088655
253.279999999999,1.38788280991905e-15,0.168164910105394
261.449999999997,1.50127637090692e-15,0.172814631122133
269.619999999995,1.31824316213845e-15,0.177154370737756
277.790000000001,1.3622347571001e-15,0.181959082455053
285.970000000001,1.24457094564741e-15,0.186143831370118
294.139999999999,1.22925837633703e-15,0.190793552386857
302.309999999998,1.118679544117e-15,0.194978301301922
